[
	{
		"inputs": [
			{
				"internalType": "address",
				"name": "contractOwnerAddress",
				"type": "address"
			}
		],
		"stateMutability": "nonpayable",
		"type": "constructor"
	},
	{
		"anonymous": false,
		"inputs": [
			{
				"indexed": false,
				"internalType": "string",
				"name": "message",
				"type": "string"
			}
		],
		"name": "printLog",
		"type": "event"
	},
	{
		"inputs": [
			{
				"internalType": "address",
				"name": "officerAddressArg",
				"type": "address"
			},
			{
				"internalType": "string",
				"name": "officerNameArg",
				"type": "string"
			},
			{
				"internalType": "string",
				"name": "officerAdharArg",
				"type": "string"
			}
		],
		"name": "addOfficer",
		"outputs": [],
		"stateMutability": "nonpayable",
		"type": "function"
	},
	{
		"inputs": [
			{
				"internalType": "address",
				"name": "",
				"type": "address"
			}
		],
		"name": "addToUserInfoRepo",
		"outputs": [
			{
				"internalType": "address",
				"name": "userAddress",
				"type": "address"
			},
			{
				"internalType": "string",
				"name": "email",
				"type": "string"
			},
			{
				"internalType": "string",
				"name": "name",
				"type": "string"
			},
			{
				"internalType": "string",
				"name": "adharNo",
				"type": "string"
			}
		],
		"stateMutability": "view",
		"type": "function"
	},
	{
		"inputs": [
			{
				"internalType": "string",
				"name": "willNameArg",
				"type": "string"
			},
			{
				"internalType": "string",
				"name": "IpfsAdharLinkArg",
				"type": "string"
			},
			{
				"internalType": "string[]",
				"name": "IpfsNomineeAdharLinkArg",
				"type": "string[]"
			},
			{
				"internalType": "address payable[]",
				"name": "nomineeAddressArg",
				"type": "address[]"
			},
			{
				"internalType": "string[]",
				"name": "contractCreator",
				"type": "string[]"
			},
			{
				"internalType": "string[]",
				"name": "emailArg",
				"type": "string[]"
			},
			{
				"internalType": "string[]",
				"name": "nameArg",
				"type": "string[]"
			},
			{
				"internalType": "string[]",
				"name": "adharArg",
				"type": "string[]"
			}
		],
		"name": "addWill",
		"outputs": [],
		"stateMutability": "payable",
		"type": "function"
	},
	{
		"inputs": [
			{
				"internalType": "string",
				"name": "willNameArg",
				"type": "string"
			},
			{
				"internalType": "string",
				"name": "IpfsAdharLinkArg",
				"type": "string"
			},
			{
				"internalType": "string[]",
				"name": "IpfsNomineeAdharLinkArg",
				"type": "string[]"
			},
			{
				"internalType": "address payable[]",
				"name": "nomineeAddressArg",
				"type": "address[]"
			},
			{
				"internalType": "uint256",
				"name": "deadLineArg",
				"type": "uint256"
			},
			{
				"internalType": "string[]",
				"name": "contractCreator",
				"type": "string[]"
			},
			{
				"internalType": "string[]",
				"name": "emailArg",
				"type": "string[]"
			},
			{
				"internalType": "string[]",
				"name": "nameArg",
				"type": "string[]"
			},
			{
				"internalType": "string[]",
				"name": "adharArg",
				"type": "string[]"
			}
		],
		"name": "addWillWithDuration",
		"outputs": [],
		"stateMutability": "payable",
		"type": "function"
	},
	{
		"inputs": [],
		"name": "autoExecuteWill",
		"outputs": [],
		"stateMutability": "payable",
		"type": "function"
	},
	{
		"inputs": [
			{
				"internalType": "uint256",
				"name": "",
				"type": "uint256"
			}
		],
		"name": "claimOfficers",
		"outputs": [
			{
				"internalType": "address",
				"name": "officerAddress",
				"type": "address"
			},
			{
				"internalType": "string",
				"name": "officerName",
				"type": "string"
			},
			{
				"internalType": "string",
				"name": "officerAdharNo",
				"type": "string"
			}
		],
		"stateMutability": "view",
		"type": "function"
	},
	{
		"inputs": [
			{
				"internalType": "uint256",
				"name": "",
				"type": "uint256"
			}
		],
		"name": "claimRepository",
		"outputs": [
			{
				"internalType": "address",
				"name": "nomineeAddress",
				"type": "address"
			},
			{
				"internalType": "address",
				"name": "userAddress",
				"type": "address"
			},
			{
				"internalType": "string",
				"name": "note",
				"type": "string"
			},
			{
				"internalType": "string",
				"name": "IpfsClaimLink",
				"type": "string"
			},
			{
				"internalType": "bool",
				"name": "processed",
				"type": "bool"
			},
			{
				"internalType": "bool",
				"name": "isApproved",
				"type": "bool"
			}
		],
		"stateMutability": "view",
		"type": "function"
	},
	{
		"inputs": [
			{
				"internalType": "address",
				"name": "userAddress",
				"type": "address"
			},
			{
				"internalType": "string",
				"name": "IpfsClaimLink",
				"type": "string"
			}
		],
		"name": "claimRequest",
		"outputs": [],
		"stateMutability": "nonpayable",
		"type": "function"
	},
	{
		"inputs": [],
		"name": "contractOwner",
		"outputs": [
			{
				"internalType": "address",
				"name": "",
				"type": "address"
			}
		],
		"stateMutability": "view",
		"type": "function"
	},
	{
		"inputs": [
			{
				"internalType": "address",
				"name": "userAddress",
				"type": "address"
			},
			{
				"internalType": "string",
				"name": "noteArg",
				"type": "string"
			},
			{
				"internalType": "bool",
				"name": "isApproved",
				"type": "bool"
			},
			{
				"internalType": "uint256",
				"name": "i",
				"type": "uint256"
			}
		],
		"name": "executeWillThroughOfficer",
		"outputs": [],
		"stateMutability": "payable",
		"type": "function"
	},
	{
		"inputs": [],
		"name": "getClaimOfficers",
		"outputs": [
			{
				"components": [
					{
						"internalType": "address",
						"name": "officerAddress",
						"type": "address"
					},
					{
						"internalType": "string",
						"name": "officerName",
						"type": "string"
					},
					{
						"internalType": "string",
						"name": "officerAdharNo",
						"type": "string"
					}
				],
				"internalType": "struct CryptoWillContract.ClaimOfficer[]",
				"name": "",
				"type": "tuple[]"
			}
		],
		"stateMutability": "view",
		"type": "function"
	},
	{
		"inputs": [],
		"name": "getClaimOfficersLength",
		"outputs": [
			{
				"internalType": "uint256",
				"name": "",
				"type": "uint256"
			}
		],
		"stateMutability": "view",
		"type": "function"
	},
	{
		"inputs": [],
		"name": "getClaimRepository",
		"outputs": [
			{
				"components": [
					{
						"internalType": "address",
						"name": "nomineeAddress",
						"type": "address"
					},
					{
						"internalType": "address",
						"name": "userAddress",
						"type": "address"
					},
					{
						"internalType": "string",
						"name": "note",
						"type": "string"
					},
					{
						"internalType": "string",
						"name": "IpfsClaimLink",
						"type": "string"
					},
					{
						"internalType": "bool",
						"name": "processed",
						"type": "bool"
					},
					{
						"internalType": "bool",
						"name": "isApproved",
						"type": "bool"
					}
				],
				"internalType": "struct CryptoWillContract.ClaimRequests[]",
				"name": "",
				"type": "tuple[]"
			}
		],
		"stateMutability": "view",
		"type": "function"
	},
	{
		"inputs": [],
		"name": "getClaimRepositoryLength",
		"outputs": [
			{
				"internalType": "uint256",
				"name": "",
				"type": "uint256"
			}
		],
		"stateMutability": "view",
		"type": "function"
	},
	{
		"inputs": [],
		"name": "getTotalCollection",
		"outputs": [
			{
				"internalType": "uint256",
				"name": "",
				"type": "uint256"
			}
		],
		"stateMutability": "view",
		"type": "function"
	},
	{
		"inputs": [
			{
				"internalType": "address",
				"name": "userAddress",
				"type": "address"
			}
		],
		"name": "getUserInfo",
		"outputs": [
			{
				"components": [
					{
						"internalType": "address",
						"name": "userAddress",
						"type": "address"
					},
					{
						"internalType": "string",
						"name": "email",
						"type": "string"
					},
					{
						"internalType": "string",
						"name": "name",
						"type": "string"
					},
					{
						"internalType": "string",
						"name": "adharNo",
						"type": "string"
					}
				],
				"internalType": "struct CryptoWillContract.UserInfo",
				"name": "",
				"type": "tuple"
			}
		],
		"stateMutability": "view",
		"type": "function"
	},
	{
		"inputs": [],
		"name": "getUserInfoRepository",
		"outputs": [
			{
				"components": [
					{
						"internalType": "address",
						"name": "userAddress",
						"type": "address"
					},
					{
						"internalType": "string",
						"name": "email",
						"type": "string"
					},
					{
						"internalType": "string",
						"name": "name",
						"type": "string"
					},
					{
						"internalType": "string",
						"name": "adharNo",
						"type": "string"
					}
				],
				"internalType": "struct CryptoWillContract.UserInfo[]",
				"name": "",
				"type": "tuple[]"
			}
		],
		"stateMutability": "view",
		"type": "function"
	},
	{
		"inputs": [],
		"name": "getUserRepository",
		"outputs": [
			{
				"internalType": "address[]",
				"name": "",
				"type": "address[]"
			}
		],
		"stateMutability": "view",
		"type": "function"
	},
	{
		"inputs": [
			{
				"internalType": "address",
				"name": "userAddress",
				"type": "address"
			}
		],
		"name": "getWill",
		"outputs": [
			{
				"components": [
					{
						"internalType": "string",
						"name": "willName",
						"type": "string"
					},
					{
						"internalType": "address",
						"name": "userAddress",
						"type": "address"
					},
					{
						"internalType": "uint256",
						"name": "amount",
						"type": "uint256"
					},
					{
						"internalType": "address payable[]",
						"name": "nomineeAddress",
						"type": "address[]"
					},
					{
						"internalType": "bool",
						"name": "completed",
						"type": "bool"
					},
					{
						"internalType": "uint256",
						"name": "deadLine",
						"type": "uint256"
					},
					{
						"internalType": "string",
						"name": "IpfsAdharLink",
						"type": "string"
					},
					{
						"internalType": "string[]",
						"name": "IpfsNomineeAdharLink",
						"type": "string[]"
					}
				],
				"internalType": "struct CryptoWillContract.UserWills",
				"name": "",
				"type": "tuple"
			}
		],
		"stateMutability": "view",
		"type": "function"
	},
	{
		"inputs": [
			{
				"internalType": "address payable",
				"name": "userAddress",
				"type": "address"
			}
		],
		"name": "revokeContract",
		"outputs": [],
		"stateMutability": "nonpayable",
		"type": "function"
	},
	{
		"inputs": [
			{
				"internalType": "uint256",
				"name": "",
				"type": "uint256"
			}
		],
		"name": "userInfoRepository",
		"outputs": [
			{
				"internalType": "address",
				"name": "userAddress",
				"type": "address"
			},
			{
				"internalType": "string",
				"name": "email",
				"type": "string"
			},
			{
				"internalType": "string",
				"name": "name",
				"type": "string"
			},
			{
				"internalType": "string",
				"name": "adharNo",
				"type": "string"
			}
		],
		"stateMutability": "view",
		"type": "function"
	},
	{
		"inputs": [
			{
				"internalType": "uint256",
				"name": "",
				"type": "uint256"
			}
		],
		"name": "userRepository",
		"outputs": [
			{
				"internalType": "address",
				"name": "",
				"type": "address"
			}
		],
		"stateMutability": "view",
		"type": "function"
	},
	{
		"inputs": [
			{
				"internalType": "address",
				"name": "",
				"type": "address"
			}
		],
		"name": "willRepository",
		"outputs": [
			{
				"internalType": "string",
				"name": "willName",
				"type": "string"
			},
			{
				"internalType": "address",
				"name": "userAddress",
				"type": "address"
			},
			{
				"internalType": "uint256",
				"name": "amount",
				"type": "uint256"
			},
			{
				"internalType": "bool",
				"name": "completed",
				"type": "bool"
			},
			{
				"internalType": "uint256",
				"name": "deadLine",
				"type": "uint256"
			},
			{
				"internalType": "string",
				"name": "IpfsAdharLink",
				"type": "string"
			}
		],
		"stateMutability": "view",
		"type": "function"
	}
]